Open Time,Open,High,Low,Close,Volume
2025-06-04 13:00:00,105039.2,105272.3,104720.0,104761.17,633.64563
2025-06-04 14:00:00,104761.17,105045.79,104179.0,105033.3,1446.2321
2025-06-04 15:00:00,105033.3,105542.0,104928.65,105298.27,938.94287
2025-06-04 16:00:00,105298.26,105464.85,105094.0,105445.89,468.85884
2025-06-04 17:00:00,105445.9,105483.14,104963.64,105051.1,399.33188
2025-06-04 18:00:00,105051.11,105300.0,104920.01,104951.54,301.21483
2025-06-04 19:00:00,104951.54,105079.99,104865.25,104913.52,282.68857
2025-06-04 20:00:00,104913.52,104959.64,104407.16,104609.87,484.36457
2025-06-04 21:00:00,104609.88,105045.79,104549.83,104930.61,304.21199
2025-06-04 22:00:00,104930.61,105034.91,104744.18,104775.36,158.79559
2025-06-04 23:00:00,104775.37,104864.5,104625.15,104696.86,176.30335
2025-06-05 00:00:00,104696.86,104976.75,104651.16,104976.74,242.65293
2025-06-05 01:00:00,104976.75,105155.55,104697.84,104774.92,288.56241
2025-06-05 02:00:00,104774.92,105240.84,104774.92,104989.48,396.55703
2025-06-05 03:00:00,104989.48,105064.95,104880.2,105047.15,198.77038
2025-06-05 04:00:00,105047.15,105226.14,105032.95,105173.71,182.6561
2025-06-05 05:00:00,105173.72,105189.22,104570.43,104649.23,673.16476
2025-06-05 06:00:00,104649.22,104696.73,104380.0,104452.93,416.36718
2025-06-05 07:00:00,104452.94,104636.46,104424.52,104518.05,321.50806
2025-06-05 08:00:00,104518.05,104681.28,104424.52,104675.36,277.44002
2025-06-05 09:00:00,104675.36,104920.0,104675.35,104900.0,298.63026
2025-06-05 10:00:00,104900.0,104900.01,104517.43,104659.24,304.88123
2025-06-05 11:00:00,104659.25,104847.52,104551.64,104827.8,180.80524
2025-06-05 12:00:00,104827.79,105776.99,104790.69,105649.59,1029.99302
2025-06-05 13:00:00,105649.6,105909.71,104303.64,104527.0,1449.94992
2025-06-05 14:00:00,104527.0,104927.79,103900.0,104639.2,1874.15172
2025-06-05 15:00:00,104639.21,104871.31,104330.18,104531.49,713.68921
2025-06-05 16:00:00,104531.5,104598.87,103258.0,103262.53,1390.7435
2025-06-05 17:00:00,103262.54,103581.4,103140.0,103240.04,962.55375
2025-06-05 18:00:00,103240.04,103354.56,102581.56,103006.05,1385.84959
2025-06-05 19:00:00,103006.04,103036.91,101596.62,101914.77,2448.38476
2025-06-05 20:00:00,101914.76,102171.44,100372.26,100483.91,3383.41936
2025-06-05 21:00:00,100483.92,101658.17,100428.0,101542.82,2188.11746
2025-06-05 22:00:00,101542.82,101707.77,101029.46,101502.61,949.97233
2025-06-05 23:00:00,101502.61,101835.7,101488.37,101508.68,762.68132
2025-06-06 00:00:00,101508.69,101907.0,101095.8,101900.77,874.39109
2025-06-06 01:00:00,101900.77,101944.89,101681.77,101841.2,378.25915
2025-06-06 02:00:00,101841.19,102208.28,101535.61,102203.52,725.19187
2025-06-06 03:00:00,102203.53,102520.0,102056.23,102493.3,774.57977
2025-06-06 04:00:00,102493.3,102799.23,102387.38,102777.0,593.0447
2025-06-06 05:00:00,102777.01,102954.24,102683.22,102954.24,461.43449
2025-06-06 06:00:00,102954.23,103210.06,102896.1,103160.0,638.68853
2025-06-06 07:00:00,103160.0,103468.66,103050.9,103150.44,585.47496
2025-06-06 08:00:00,103150.44,103589.0,103150.43,103510.25,492.04854
2025-06-06 09:00:00,103510.25,103750.0,103510.24,103643.98,621.57206
2025-06-06 10:00:00,103643.99,103800.0,103553.31,103676.25,580.32136
2025-06-06 11:00:00,103676.24,103991.45,103643.78,103927.99,524.28446
2025-06-06 12:00:00,103927.99,104300.0,103513.7,103753.27,1382.8038
2025-06-06 13:00:00,103753.26,104529.65,103753.26,104098.84,950.84579
2025-06-06 14:00:00,104098.84,104880.88,104004.83,104776.7,991.71953
2025-06-06 15:00:00,104776.7,105333.0,104616.12,105092.28,1335.00321
2025-06-06 16:00:00,105092.28,105284.0,104708.08,104758.27,1057.7328
2025-06-06 17:00:00,104758.28,104975.47,104390.18,104922.14,761.7073
2025-06-06 18:00:00,104922.14,104982.38,104475.93,104497.69,373.48505
2025-06-06 19:00:00,104497.69,104601.87,104013.21,104219.8,569.98192
2025-06-06 20:00:00,104219.8,104617.56,104167.98,104478.07,332.96273
2025-06-06 21:00:00,104478.07,104488.38,104300.0,104386.29,362.2665
2025-06-06 22:00:00,104386.29,104485.91,104232.55,104476.81,240.44272
2025-06-06 23:00:00,104476.82,104487.28,104193.32,104288.44,230.83152
2025-06-07 00:00:00,104288.43,104511.69,103871.09,104511.69,440.68115
2025-06-07 01:00:00,104511.68,104567.89,104348.83,104453.56,211.2017
2025-06-07 02:00:00,104453.55,104611.68,104328.18,104531.57,266.07012
2025-06-07 03:00:00,104531.58,104910.77,104484.52,104871.58,482.21131
2025-06-07 04:00:00,104871.59,104880.32,104643.62,104819.99,263.09442
2025-06-07 05:00:00,104820.0,105000.0,104751.16,104877.36,292.29171
2025-06-07 06:00:00,104877.37,105319.0,104788.31,105316.37,409.73016
2025-06-07 07:00:00,105316.36,105319.13,104834.27,104867.04,343.94832
2025-06-07 08:00:00,104867.03,104966.69,104689.81,104746.44,233.72481
2025-06-07 09:00:00,104746.44,104942.02,104746.43,104848.09,208.46137
2025-06-07 10:00:00,104848.09,105198.58,104840.29,105145.84,355.28954
2025-06-07 11:00:00,105145.83,105264.0,105050.04,105150.01,382.87799
2025-06-07 12:00:00,105150.01,105702.99,105150.0,105465.21,1059.92731
2025-06-07 13:00:00,105465.22,105800.0,105309.56,105610.52,478.46327
2025-06-07 14:00:00,105610.53,105688.4,105394.48,105431.61,394.99404
2025-06-07 15:00:00,105431.61,105577.18,105316.98,105558.11,264.34496
2025-06-07 16:00:00,105558.11,105666.66,105279.06,105350.68,279.15265
2025-06-07 17:00:00,105350.68,105558.62,105350.0,105393.21,183.64973
2025-06-07 18:00:00,105393.21,105884.46,105393.2,105599.99,712.93146
2025-06-07 19:00:00,105599.99,105871.33,105599.99,105725.91,360.31008
2025-06-07 20:00:00,105725.91,105900.0,105725.9,105846.98,192.22857
2025-06-07 21:00:00,105846.98,105865.43,105707.39,105764.64,139.73285
2025-06-07 22:00:00,105764.63,105900.0,105664.0,105820.51,179.8611
2025-06-07 23:00:00,105820.52,105820.52,105534.88,105552.15,209.75344
2025-06-08 00:00:00,105552.15,105654.95,105441.86,105473.21,278.41728
2025-06-08 01:00:00,105473.22,105786.33,105400.57,105690.33,312.19485
2025-06-08 02:00:00,105690.32,105690.33,105441.86,105441.87,301.18228
2025-06-08 03:00:00,105441.86,105500.0,105394.03,105471.59,192.88835
2025-06-08 04:00:00,105471.59,105636.53,105408.38,105614.38,151.52478
2025-06-08 05:00:00,105614.37,105653.13,105412.76,105438.34,148.53573
2025-06-08 06:00:00,105438.34,105599.32,105432.96,105442.87,155.65979
2025-06-08 07:00:00,105442.88,105556.15,105410.23,105426.45,167.34238
2025-06-08 08:00:00,105426.46,105495.99,105367.88,105373.81,192.70501
2025-06-08 09:00:00,105373.82,105405.8,105075.51,105140.01,497.00351
2025-06-08 10:00:00,105140.0,105481.24,104964.14,105357.64,605.7311
2025-06-08 11:00:00,105357.64,105720.94,105357.63,105686.71,376.57336
2025-06-08 12:00:00,105686.71,105773.6,105520.25,105721.5,711.6709
2025-06-08 13:00:00,105721.5,106160.19,105577.36,105627.9,891.02348
2025-06-08 14:00:00,105627.9,105910.17,105577.36,105829.66,258.38147
2025-06-08 15:00:00,105829.66,106095.85,105818.18,105984.52,339.9057
2025-06-08 16:00:00,105984.53,106320.77,105943.91,106189.99,430.6459
2025-06-08 17:00:00,106190.0,106360.0,106081.59,106082.95,300.0469
2025-06-08 18:00:00,106082.95,106325.59,106020.46,106317.7,214.12634
2025-06-08 19:00:00,106317.71,106335.9,106180.85,106289.99,155.14719
2025-06-08 20:00:00,106289.99,106319.92,106118.72,106147.66,273.99242
2025-06-08 21:00:00,106147.65,106488.14,106147.65,106331.92,236.61843
2025-06-08 22:00:00,106331.92,106360.85,105674.7,105770.55,441.89266
2025-06-08 23:00:00,105770.55,105775.99,105545.71,105734.0,414.85324
2025-06-09 00:00:00,105734.01,105966.33,105581.44,105706.34,642.30292
2025-06-09 01:00:00,105706.34,105740.9,105427.53,105527.71,390.41065
2025-06-09 02:00:00,105527.71,105724.76,105475.48,105560.89,237.10673
2025-06-09 03:00:00,105560.9,105700.37,105318.37,105659.13,525.2294
2025-06-09 04:00:00,105659.14,105717.3,105428.02,105449.21,501.62589
2025-06-09 05:00:00,105449.21,105522.87,105325.6,105379.11,319.63601
2025-06-09 06:00:00,105379.12,105692.84,105319.0,105692.83,454.58589
2025-06-09 07:00:00,105692.84,105692.84,105500.0,105560.71,194.49207
2025-06-09 08:00:00,105560.71,105949.09,105473.57,105926.39,461.1018
2025-06-09 09:00:00,105926.4,106888.0,105832.0,106612.52,1140.00074
2025-06-09 10:00:00,106612.53,107464.77,106565.3,107179.7,1524.82298
2025-06-09 11:00:00,107179.7,107806.0,107146.18,107759.21,1299.03104
2025-06-09 12:00:00,107759.21,107990.0,107540.22,107750.39,875.21201
2025-06-09 13:00:00,107750.39,107893.4,106860.0,107026.47,1035.50084
2025-06-09 14:00:00,107026.48,108000.0,107026.48,107610.33,1005.76983
2025-06-09 15:00:00,107610.32,108020.0,107522.79,107635.91,627.93587
2025-06-09 16:00:00,107635.91,108127.16,107635.91,107697.51,895.91837
2025-06-09 17:00:00,107697.52,108422.28,107659.35,108337.56,661.80863
2025-06-09 18:00:00,108337.57,108552.44,108284.5,108446.18,521.19201
2025-06-09 19:00:00,108446.18,108767.24,108339.68,108564.72,610.54706
2025-06-09 20:00:00,108565.86,108736.19,108456.08,108706.74,326.05236
2025-06-09 21:00:00,108706.74,110530.17,108706.73,109973.75,3520.02143
2025-06-09 22:00:00,109973.74,110420.0,109734.92,110177.28,1243.72377
2025-06-09 23:00:00,110177.28,110313.99,109866.18,110263.02,961.34621
2025-06-10 00:00:00,110263.02,110311.82,109909.54,109913.91,893.59303
2025-06-10 01:00:00,109913.91,109953.98,109648.29,109788.57,524.96936
2025-06-10 02:00:00,109788.58,109788.58,109381.24,109650.94,568.91009
2025-06-10 03:00:00,109650.95,109684.89,109382.38,109568.02,369.14727
2025-06-10 04:00:00,109568.03,109649.98,109366.0,109528.55,369.49008
2025-06-10 05:00:00,109528.55,109737.68,109200.0,109310.49,529.37516
2025-06-10 06:00:00,109310.49,109650.0,109161.0,109502.68,427.51687
2025-06-10 07:00:00,109502.69,109517.16,109095.67,109205.14,990.69176
2025-06-10 08:00:00,109205.14,109415.1,109056.9,109082.65,522.59315
2025-06-10 09:00:00,109082.65,109521.84,109065.14,109508.78,615.65872
2025-06-10 10:00:00,109508.78,109573.3,109275.43,109303.61,324.81871
2025-06-10 11:00:00,109303.61,109851.8,109199.81,109541.28,881.83399
2025-06-10 12:00:00,109541.93,109700.0,109415.62,109697.76,554.16291
2025-06-10 13:00:00,109697.75,109900.81,108888.88,109305.28,1408.6638
2025-06-10 14:00:00,109305.28,109332.45,108468.29,108620.01,1840.47344
2025-06-10 15:00:00,108620.0,109199.99,108331.03,109015.42,1443.70766
2025-06-10 16:00:00,109015.41,109251.41,108690.59,108720.61,536.4776
2025-06-10 17:00:00,108720.61,109064.06,108616.68,108711.37,359.45497
2025-06-10 18:00:00,108711.37,109480.67,108518.86,109282.38,477.70957
2025-06-10 19:00:00,109282.38,110400.0,109282.37,109526.3,1266.2179
2025-06-10 20:00:00,109526.3,110018.07,109239.68,109960.0,609.61756
2025-06-10 21:00:00,109960.01,110000.0,109420.0,109863.07,453.96715
2025-06-10 22:00:00,109863.06,110181.1,109610.4,109727.87,482.13147
2025-06-10 23:00:00,109727.88,110299.73,109600.0,110274.39,620.64617
2025-06-11 00:00:00,110274.39,110274.4,109780.0,109825.54,496.67292
2025-06-11 01:00:00,109825.55,109832.94,109565.1,109605.53,388.64877
2025-06-11 02:00:00,109605.53,109858.22,109533.97,109677.03,257.11312
2025-06-11 03:00:00,109677.03,109858.23,109622.03,109722.95,251.1783
2025-06-11 04:00:00,109722.95,109735.24,109552.68,109562.75,173.09706
2025-06-11 05:00:00,109562.75,109650.59,109430.38,109468.03,198.18742
2025-06-11 06:00:00,109468.04,109679.24,109373.67,109595.01,322.84155
2025-06-11 07:00:00,109595.02,109745.29,109446.73,109446.74,306.34832
2025-06-11 08:00:00,109446.74,109675.69,109446.73,109576.02,413.74462
2025-06-11 09:00:00,109576.03,109603.57,109233.62,109269.83,579.74506
2025-06-11 10:00:00,109269.82,109468.67,109200.0,109373.12,390.96093
2025-06-11 11:00:00,109373.13,109391.75,109193.89,109252.09,249.30459
2025-06-11 12:00:00,109252.1,109927.04,109008.82,109714.87,1297.31517
2025-06-11 13:00:00,109714.87,109900.0,109301.42,109684.0,948.34709
2025-06-11 14:00:00,109684.0,110392.01,109650.94,109866.69,1345.14543
2025-06-11 15:00:00,109866.69,110042.9,109660.72,109735.7,808.45996
2025-06-11 16:00:00,109735.7,109815.84,109341.79,109439.38,689.45368
2025-06-11 17:00:00,109439.38,109768.85,108964.16,108984.72,724.99224
2025-06-11 18:00:00,108984.72,109072.91,108412.01,108807.25,963.32708
2025-06-11 19:00:00,108807.25,108960.0,108576.0,108742.37,459.75917
2025-06-11 20:00:00,108742.37,109001.5,108480.0,108906.44,360.27215
2025-06-11 21:00:00,108906.45,109219.51,108367.94,108508.18,462.92455
2025-06-11 22:00:00,108508.17,108633.38,108064.0,108443.38,692.16947
2025-06-11 23:00:00,108443.38,108691.87,108324.0,108645.12,335.90773
2025-06-12 00:00:00,108645.13,108813.55,108326.55,108705.99,394.62489
2025-06-12 01:00:00,108706.0,108706.0,108258.49,108515.99,531.45564
2025-06-12 02:00:00,108515.99,108759.0,108390.34,108400.52,897.03762
2025-06-12 03:00:00,108400.52,108448.03,107730.0,107860.05,1933.71635
2025-06-12 04:00:00,107860.04,107917.41,107320.0,107765.12,841.46439
2025-06-12 05:00:00,107765.13,107922.43,107593.67,107746.91,355.94523
2025-06-12 06:00:00,107746.91,107993.58,107640.33,107909.02,438.0718
2025-06-12 07:00:00,107909.02,107961.01,107438.65,107633.53,702.19948
2025-06-12 08:00:00,107633.53,107835.83,107440.13,107731.67,406.91931
2025-06-12 09:00:00,107731.67,107771.55,107488.95,107507.35,309.4496
2025-06-12 10:00:00,107507.35,107518.85,107200.0,107323.16,521.81989
2025-06-12 11:00:00,107323.16,107349.31,106874.47,106900.95,628.23956
2025-06-12 12:00:00,106900.95,107431.82,106870.0,106988.54,763.31238
2025-06-12 13:00:00,106988.55,107198.75,106600.0,107070.8,920.69916
2025-06-12 14:00:00,107070.8,107721.17,107070.8,107612.69,862.27021
2025-06-12 15:00:00,107612.7,107822.5,106890.88,107020.95,655.00365
2025-06-12 16:00:00,107020.96,107858.32,106985.38,107744.71,562.58066
2025-06-12 17:00:00,107744.7,108450.16,107702.42,108287.4,769.24972
2025-06-12 18:00:00,108287.4,108419.21,107229.47,107561.35,522.24144
2025-06-12 19:00:00,107561.36,107879.92,106680.0,106788.8,704.93602
2025-06-12 20:00:00,106789.8,106960.77,105772.73,105973.62,2315.98411
2025-06-12 21:00:00,105973.61,106430.39,105860.9,105894.31,679.88503
2025-06-12 22:00:00,105894.32,106225.4,105726.65,105890.7,576.44703
2025-06-12 23:00:00,105890.69,106140.0,105671.72,105671.73,485.11901
2025-06-13 00:00:00,105671.74,105694.0,103213.87,103797.81,5330.14891
2025-06-13 01:00:00,103797.81,103938.59,102664.31,103773.65,3550.75225
2025-06-13 02:00:00,103773.65,103976.64,103065.58,103641.21,1362.18578
2025-06-13 03:00:00,103641.2,104590.0,103605.12,104277.22,1292.28749
2025-06-13 04:00:00,104277.22,104506.36,103782.75,104404.52,700.3376
2025-06-13 05:00:00,104404.52,104450.0,104000.0,104002.25,650.15589
2025-06-13 06:00:00,104002.26,104722.5,103825.11,104704.26,812.26154
2025-06-13 07:00:00,104704.27,104970.12,104376.43,104895.0,1192.2614
2025-06-13 08:00:00,104895.01,105434.34,104690.85,104739.45,1404.55532
2025-06-13 09:00:00,104739.44,104916.0,104500.0,104830.36,688.51868
2025-06-13 10:00:00,104830.36,104925.1,104425.79,104874.01,531.07719
2025-06-13 11:00:00,104874.0,105045.79,104640.0,105039.48,522.51084
2025-06-13 12:00:00,105039.48,105290.14,104822.36,104852.29,768.82163
2025-06-13 13:00:00,104852.28,105300.0,104674.14,104732.44,853.87525
2025-06-13 14:00:00,104732.82,105011.76,104118.0,104970.74,1137.70532
2025-06-13 15:00:00,104970.74,105747.47,104860.0,105436.87,1140.75299
2025-06-13 16:00:00,105436.87,105981.0,105308.83,105783.66,1087.38893
2025-06-13 17:00:00,105783.65,105783.65,104867.65,105390.94,775.10222
2025-06-13 18:00:00,105390.94,105480.0,104668.73,105193.04,631.03278
2025-06-13 19:00:00,105193.04,105436.9,104900.0,105110.0,457.01476
2025-06-13 20:00:00,105110.01,105508.34,105020.87,105424.0,385.01118
2025-06-13 21:00:00,105424.0,105788.79,105326.41,105612.59,270.63672
2025-06-13 22:00:00,105612.58,105840.0,105542.0,105751.28,221.74081
2025-06-13 23:00:00,105751.29,106179.53,105751.28,106066.59,414.68186
2025-06-14 00:00:00,106066.59,106252.0,105703.61,105826.32,1271.508
2025-06-14 01:00:00,105826.32,105826.33,105440.0,105470.35,1198.12686
2025-06-14 02:00:00,105470.35,105611.67,105312.88,105374.17,288.65282
2025-06-14 03:00:00,105374.18,105440.0,105197.96,105228.82,259.19985
2025-06-14 04:00:00,105228.83,105397.06,105212.09,105371.07,216.26058
2025-06-14 05:00:00,105371.08,105397.06,105233.95,105288.3,205.15438
2025-06-14 06:00:00,105288.3,105321.82,105105.13,105105.13,221.23119
2025-06-14 07:00:00,105105.14,105144.57,104792.98,105076.59,360.03462
2025-06-14 08:00:00,105076.59,105132.36,104871.06,105095.03,215.34556
2025-06-14 09:00:00,105095.04,105110.15,104850.54,104862.26,253.37215
2025-06-14 10:00:00,104862.26,105117.07,104836.06,105011.92,145.57424
2025-06-14 11:00:00,105011.92,105096.0,104948.38,105082.01,172.47595
2025-06-14 12:00:00,105082.01,105100.0,104745.1,105053.63,267.44126
2025-06-14 13:00:00,105053.64,105131.25,104902.28,105017.41,263.02313
2025-06-14 14:00:00,105017.41,105060.42,104841.96,104913.01,157.82263
2025-06-14 15:00:00,104913.01,104983.05,104615.38,104841.3,356.85346
2025-06-14 16:00:00,104841.29,104900.0,104359.5,104457.85,672.80896
2025-06-14 17:00:00,104457.84,104721.53,104404.9,104608.17,342.50861
2025-06-14 18:00:00,104608.18,104995.72,104359.08,104892.81,351.26848
2025-06-14 19:00:00,104892.82,105045.78,104630.19,104645.67,320.70643
2025-06-14 20:00:00,104645.66,104991.0,104300.0,104894.29,372.96357
2025-06-14 21:00:00,104894.3,105458.71,104867.14,105315.54,414.26935
2025-06-14 22:00:00,105315.55,105480.0,105289.45,105428.74,222.42456
2025-06-14 23:00:00,105428.75,105480.0,105348.81,105414.64,249.91305
2025-06-15 00:00:00,105414.63,105663.98,105264.75,105643.99,328.94394
2025-06-15 01:00:00,105643.99,105680.0,105410.5,105421.03,196.2376
2025-06-15 02:00:00,105421.03,105624.0,105421.03,105481.02,132.30823
2025-06-15 03:00:00,105481.03,105566.22,105463.54,105473.55,101.92751
2025-06-15 04:00:00,105473.54,105563.04,105473.54,105559.68,100.97805
2025-06-15 05:00:00,105559.69,106100.0,105507.65,106073.94,290.03365
2025-06-15 06:00:00,106073.95,106128.57,105410.43,105440.69,690.48683
2025-06-15 07:00:00,105440.7,105453.46,105200.0,105428.0,300.03128
2025-06-15 08:00:00,105428.0,105482.4,105134.69,105197.19,259.58184
2025-06-15 09:00:00,105197.18,105197.19,104867.64,104915.15,370.65353
2025-06-15 10:00:00,104915.15,105188.96,104915.14,105119.99,230.53887
2025-06-15 11:00:00,105119.99,105162.51,104915.14,104970.51,196.37895
2025-06-15 12:00:00,104970.51,105296.0,104955.48,105289.81,257.28037
2025-06-15 13:00:00,105289.81,105660.31,105220.65,105515.97,350.85804
2025-06-15 14:00:00,105515.97,105838.24,105308.82,105657.64,336.0044
2025-06-15 15:00:00,105657.63,105794.12,105539.0,105564.0,301.25817
2025-06-15 16:00:00,105563.99,105687.74,105332.0,105567.24,329.84918
2025-06-15 17:00:00,105567.24,105777.09,105476.4,105689.64,194.07613
2025-06-15 18:00:00,105689.65,105689.65,105472.0,105485.29,157.31009
2025-06-15 19:00:00,105485.29,105566.43,105082.97,105294.19,294.74223
2025-06-15 20:00:00,105294.19,105300.0,104600.13,104729.53,453.57123
2025-06-15 21:00:00,104729.53,104828.94,104494.53,104807.75,477.5022
2025-06-15 22:00:00,104807.75,105359.96,104734.42,105263.51,432.23208
2025-06-15 23:00:00,105263.52,105617.82,105226.79,105594.01,381.41607
2025-06-16 00:00:00,105594.02,105769.85,105352.94,105429.32,422.15418
2025-06-16 01:00:00,105429.32,105885.0,104980.37,105815.08,559.26238
2025-06-16 02:00:00,105815.09,105970.59,105684.46,105785.51,435.10541
2025-06-16 03:00:00,105785.51,105966.0,105708.93,105921.84,263.51613
2025-06-16 04:00:00,105921.85,106396.3,105874.48,106386.0,656.51068
2025-06-16 05:00:00,106386.0,106785.71,106312.33,106559.98,595.46163
2025-06-16 06:00:00,106559.99,106777.38,106510.61,106586.01,445.28877
2025-06-16 07:00:00,106586.0,107262.31,106586.0,107061.8,1080.95051
2025-06-16 08:00:00,107061.8,107242.92,106954.47,107180.0,486.60178
2025-06-16 09:00:00,107180.0,107255.01,106863.98,106945.86,789.42833
2025-06-16 10:00:00,106945.86,107200.0,106744.66,106834.32,436.77622
2025-06-16 11:00:00,106834.33,106976.75,106582.25,106883.99,436.11918
2025-06-16 12:00:00,106884.0,106900.0,106600.0,106690.47,352.59083
2025-06-16 13:00:00,106690.47,107172.11,106495.09,107160.06,556.73469
2025-06-16 14:00:00,107160.06,107784.26,106787.99,107533.5,1083.59008
2025-06-16 15:00:00,107533.5,107715.4,107307.81,107424.96,545.4424
2025-06-16 16:00:00,107424.96,107906.98,107309.15,107765.99,671.1767
2025-06-16 17:00:00,107765.99,108017.98,107627.9,107755.0,586.42985
2025-06-16 18:00:00,107755.01,108278.0,107686.56,108255.96,494.51232
2025-06-16 19:00:00,108255.97,108888.0,108255.96,108652.0,996.00646
2025-06-16 20:00:00,108652.01,108849.77,108428.0,108782.68,565.88847
2025-06-16 21:00:00,108782.68,108817.0,108321.45,108513.1,363.37911
2025-06-16 22:00:00,108513.1,108952.38,107418.24,107700.01,1124.54821
2025-06-16 23:00:00,107700.01,107982.63,106700.0,106794.53,975.19108
2025-06-17 00:00:00,106794.53,107262.31,106115.35,107238.63,1478.91948
2025-06-17 01:00:00,107238.68,107399.0,106930.23,107173.51,437.59004
2025-06-17 02:00:00,107173.51,107600.0,106572.07,107482.39,551.95383
2025-06-17 03:00:00,107482.4,107771.34,107364.89,107590.41,557.48911
2025-06-17 04:00:00,107590.41,107711.06,107303.01,107333.64,324.27105
2025-06-17 05:00:00,107333.64,107403.99,107040.0,107122.02,467.39075
2025-06-17 06:00:00,107122.01,107234.94,106724.0,106832.91,387.2144
2025-06-17 07:00:00,106832.92,106879.48,106481.6,106758.52,518.07804
2025-06-17 08:00:00,106758.52,106822.78,106484.89,106568.06,362.87139
2025-06-17 09:00:00,106568.06,106655.82,106069.55,106160.57,707.9622
2025-06-17 10:00:00,106160.58,106248.43,105721.29,105956.01,798.36423
2025-06-17 11:00:00,105956.01,105956.01,105508.23,105641.47,539.34753
2025-06-17 12:00:00,105641.48,105862.03,105420.0,105507.0,548.13287
2025-06-17 13:00:00,105506.99,105754.05,105200.0,105349.27,715.74499
2025-06-17 14:00:00,105349.28,105694.42,104777.48,104847.33,1268.55694
2025-06-17 15:00:00,104847.33,104968.69,104130.95,104241.63,1775.82912
2025-06-17 16:00:00,104241.62,104484.97,103500.01,103630.67,1788.59454
2025-06-17 17:00:00,103630.67,104250.0,103371.02,103814.01,1318.17143
2025-06-17 18:00:00,103814.0,104414.85,103626.05,104414.84,582.53411
2025-06-17 19:00:00,104414.84,105336.82,104414.83,104686.12,1030.66661
2025-06-17 20:00:00,104686.12,104898.81,104262.88,104362.39,631.39909
2025-06-17 21:00:00,104362.39,104822.31,104252.33,104552.58,424.96971
2025-06-17 22:00:00,104552.59,104731.61,104203.85,104228.31,339.43238
2025-06-17 23:00:00,104228.31,104730.77,104228.31,104551.17,310.84641
2025-06-18 00:00:00,104551.17,104857.14,104379.52,104842.78,396.62544
2025-06-18 01:00:00,104842.78,105176.61,104680.0,104776.92,347.92348
2025-06-18 02:00:00,104776.92,105099.99,104695.82,104856.06,299.75201
2025-06-18 03:00:00,104856.06,105240.0,104849.13,105184.84,302.08543
2025-06-18 04:00:00,105184.84,105504.67,105074.25,105447.39,286.6217
2025-06-18 05:00:00,105447.53,105550.27,105375.05,105423.5,448.33108
2025-06-18 06:00:00,105423.51,105527.88,104859.18,104966.2,578.89056
2025-06-18 07:00:00,104966.19,105000.9,104713.24,104973.24,445.08193
2025-06-18 08:00:00,104973.24,105310.62,104756.33,104949.9,393.96563
2025-06-18 09:00:00,104949.91,105142.0,104565.0,104697.03,323.45218
2025-06-18 10:00:00,104697.02,104797.06,104175.87,104266.19,531.68147
2025-06-18 11:00:00,104266.18,104858.8,104192.46,104840.59,651.35695
2025-06-18 12:00:00,104840.58,104908.49,104474.81,104514.0,615.40924
2025-06-18 13:00:00,104513.99,104550.92,103814.04,104439.81,1121.40671
2025-06-18 14:00:00,104439.82,105325.83,104228.3,104619.88,1418.42072
2025-06-18 15:00:00,104619.87,104973.79,104150.13,104801.01,869.2412
2025-06-18 16:00:00,104801.01,104836.64,104334.78,104426.93,509.29545
2025-06-18 17:00:00,104426.93,104508.0,103615.33,104331.83,918.22252
2025-06-18 18:00:00,104332.0,104706.08,103586.0,103623.39,1023.7841
2025-06-18 19:00:00,103623.39,104437.7,103500.0,103808.41,839.17523
2025-06-18 20:00:00,103808.41,104988.88,103652.0,104822.33,628.82425
2025-06-18 21:00:00,104822.34,105139.87,104378.62,105085.5,574.55745
2025-06-18 22:00:00,105085.49,105138.0,104794.41,104815.23,257.38438
2025-06-18 23:00:00,104815.23,104956.74,104630.09,104886.78,187.15256
2025-06-19 00:00:00,104886.79,105226.17,104680.41,104944.06,534.37997
2025-06-19 01:00:00,104944.06,104964.02,104466.16,104599.25,386.57688
2025-06-19 02:00:00,104599.25,105000.64,104457.12,104722.51,325.08223
2025-06-19 03:00:00,104722.5,105114.45,104722.5,105100.02,233.06599
2025-06-19 04:00:00,105100.01,105111.37,104803.98,105073.52,300.10136
2025-06-19 05:00:00,105073.52,105220.0,104819.62,104892.86,274.94947
2025-06-19 06:00:00,104892.86,104989.34,104630.89,104707.94,280.44541
2025-06-19 07:00:00,104707.95,104848.49,104617.69,104642.85,276.76135
2025-06-19 08:00:00,104642.85,104986.13,104631.26,104746.12,291.39146
2025-06-19 09:00:00,104746.11,105030.0,104729.83,104994.0,284.66266
2025-06-19 10:00:00,104994.0,105073.53,104843.7,104913.19,199.62218
2025-06-19 11:00:00,104913.19,104913.2,104720.1,104776.23,173.90893
2025-06-19 12:00:00,104776.23,104917.05,104663.77,104752.6,249.90189
2025-06-19 13:00:00,104752.61,104785.15,104244.11,104283.33,413.67121
2025-06-19 14:00:00,104283.33,104690.47,104109.06,104148.6,435.78555
2025-06-19 15:00:00,104148.61,104443.94,104078.0,104096.93,496.14025
2025-06-19 16:00:00,104096.94,104425.15,103933.33,104001.13,377.21937
2025-06-19 17:00:00,104001.13,104814.73,103929.27,104521.31,684.04339
2025-06-19 18:00:00,104521.32,104694.01,104294.09,104392.53,296.18725
2025-06-19 19:00:00,104392.54,104464.29,104126.98,104250.44,266.773
2025-06-19 20:00:00,104250.45,104496.0,104150.0,104266.82,161.1343
2025-06-19 21:00:00,104266.83,104413.66,104228.53,104332.45,176.53959
2025-06-19 22:00:00,104332.45,104774.32,104332.45,104596.29,323.86777
2025-06-19 23:00:00,104596.29,104898.31,104463.56,104658.59,236.39591
2025-06-20 00:00:00,104658.59,104820.0,104563.25,104692.74,238.6379
2025-06-20 01:00:00,104692.74,104797.06,104391.38,104778.5,179.3014
2025-06-20 02:00:00,104778.5,104800.0,104496.5,104628.0,378.45556
2025-06-20 03:00:00,104628.0,104700.0,104511.0,104596.63,230.06249
2025-06-20 04:00:00,104596.64,104600.0,104238.02,104258.59,233.22018
2025-06-20 05:00:00,104258.59,104585.99,104258.59,104584.68,326.07738
2025-06-20 06:00:00,104584.68,104769.25,104584.68,104719.86,234.96044
2025-06-20 07:00:00,104719.86,105825.66,104648.46,105811.74,1083.81217
2025-06-20 08:00:00,105811.74,106524.65,105780.76,105959.68,1568.80558
2025-06-20 09:00:00,105959.68,106078.85,105757.48,105940.58,475.74806
2025-06-20 10:00:00,105940.57,106172.06,105829.18,105958.87,509.44809
2025-06-20 11:00:00,105958.87,106075.14,105801.09,105977.82,308.78491
2025-06-20 12:00:00,105977.82,106107.69,105876.01,105982.89,249.32596
2025-06-20 13:00:00,105982.9,106149.17,105361.62,105674.0,755.45526
2025-06-20 14:00:00,105673.99,105795.39,103888.0,103940.01,1538.46329
2025-06-20 15:00:00,103940.01,104623.34,103888.0,104217.99,1125.6248
2025-06-20 16:00:00,104218.0,104269.64,103620.01,103670.61,1250.51824
2025-06-20 17:00:00,103670.61,103761.84,102345.0,103279.26,2746.51433
2025-06-20 18:00:00,103279.26,103428.5,103037.25,103165.45,792.98471
2025-06-20 19:00:00,103165.44,103495.72,103010.41,103307.22,437.48107
2025-06-20 20:00:00,103307.21,103828.0,103300.11,103693.5,712.51715
2025-06-20 21:00:00,103693.51,103719.99,103353.06,103532.0,311.76605
2025-06-20 22:00:00,103531.99,103532.0,102980.0,103107.11,435.1464
2025-06-20 23:00:00,103107.12,103339.99,102963.67,103297.99,295.95141
2025-06-21 00:00:00,103297.98,103339.99,103127.48,103248.07,202.14606
2025-06-21 01:00:00,103248.06,103515.37,103137.86,103515.36,263.84601
2025-06-21 02:00:00,103515.36,103538.6,103377.44,103499.98,139.14418
2025-06-21 03:00:00,103499.99,103691.67,103495.87,103495.87,145.59786
2025-06-21 04:00:00,103495.86,103531.97,103333.0,103384.98,129.74868
2025-06-21 05:00:00,103384.99,103487.0,103343.0,103421.21,115.82266
2025-06-21 06:00:00,103421.21,103599.04,103330.0,103572.69,164.9677
2025-06-21 07:00:00,103572.69,103572.69,103360.02,103458.5,276.07214
2025-06-21 08:00:00,103458.5,103830.48,103458.49,103826.03,335.53724
2025-06-21 09:00:00,103826.03,103933.33,103653.14,103843.37,387.02991
2025-06-21 10:00:00,103843.37,103982.64,103767.77,103831.22,298.42441
2025-06-21 11:00:00,103831.22,103929.99,103724.13,103874.64,167.57049
2025-06-21 12:00:00,103874.63,103946.47,103786.61,103807.7,151.86969
2025-06-21 13:00:00,103807.7,103866.98,103534.62,103572.29,272.41367
2025-06-21 14:00:00,103572.29,103776.0,103382.97,103549.99,497.84934
2025-06-21 15:00:00,103550.0,103680.0,103281.82,103560.9,527.14166
2025-06-21 16:00:00,103560.9,103640.0,103449.1,103486.01,208.22464
2025-06-21 17:00:00,103486.01,103589.2,103174.12,103182.98,342.68316
2025-06-21 18:00:00,103182.98,103423.21,102633.45,102645.22,616.44824
2025-06-21 19:00:00,102645.22,102757.22,102210.43,102245.1,1198.04823
2025-06-21 20:00:00,102245.11,102888.88,102206.0,102782.08,454.58904
2025-06-21 21:00:00,102782.09,102836.0,101110.0,101455.61,1921.95689
2025-06-21 22:00:00,101455.61,102000.0,101446.74,101772.96,652.3887
2025-06-21 23:00:00,101772.97,102322.41,100837.9,102120.01,1684.69272
2025-06-22 00:00:00,102120.02,103399.62,101839.96,102852.0,1871.90453
2025-06-22 01:00:00,102852.0,103005.37,102237.37,102387.0,887.90565
2025-06-22 02:00:00,102387.01,102884.0,101885.98,102347.64,1115.38093
2025-06-22 03:00:00,102347.63,102600.0,102127.34,102375.4,464.71771
2025-06-22 04:00:00,102375.4,102786.38,102256.01,102548.15,383.4842
2025-06-22 05:00:00,102548.14,102919.46,102548.14,102853.89,414.14625
2025-06-22 06:00:00,102853.89,102946.47,102692.87,102744.36,318.23622
2025-06-22 07:00:00,102744.36,102750.0,102269.18,102424.61,365.86442
2025-06-22 08:00:00,102424.61,102712.34,102318.04,102712.34,353.70287
2025-06-22 09:00:00,102712.34,102804.05,102080.0,102199.99,564.4597
2025-06-22 10:00:00,102199.99,102532.44,102150.0,102495.69,394.55689
2025-06-22 11:00:00,102495.68,102760.5,102428.69,102739.48,488.58739
2025-06-22 12:00:00,102739.47,102831.0,102584.36,102759.98,502.02446
2025-06-22 13:00:00,102759.97,102810.28,100268.75,100865.66,3718.17394
2025-06-22 14:00:00,100865.66,101239.06,99066.36,99628.28,5962.78508
2025-06-22 15:00:00,99628.29,99826.34,98889.35,98906.21,2239.60197
2025-06-22 16:00:00,98906.21,99689.66,98673.66,99667.17,1941.29236
2025-06-22 17:00:00,99667.17,100380.0,99407.98,99480.0,1314.03627
2025-06-22 18:00:00,99480.01,99777.61,99350.34,99437.42,497.41061
2025-06-22 19:00:00,99437.42,99453.75,98800.0,98882.84,666.66278
2025-06-22 20:00:00,98882.85,99760.0,98200.0,99536.0,1553.47813
2025-06-22 21:00:00,99536.0,99667.01,99004.72,99173.83,581.67969
2025-06-22 22:00:00,99173.83,100980.06,99140.0,100980.05,1447.49104
2025-06-22 23:00:00,100980.05,101034.65,100645.88,100963.87,698.82763
2025-06-23 00:00:00,100963.87,101620.0,100494.25,100904.6,1456.49465
2025-06-23 01:00:00,100904.6,101109.87,100564.19,101101.64,510.13988
2025-06-23 02:00:00,101101.65,101399.37,100930.2,101301.2,558.46691
2025-06-23 03:00:00,101301.2,101370.68,101073.32,101154.14,405.1221
2025-06-23 04:00:00,101154.13,101314.46,100980.0,101167.99,476.00651
2025-06-23 05:00:00,101168.0,101890.0,101167.99,101771.02,654.30154
2025-06-23 06:00:00,101771.01,102064.69,101645.47,101940.27,858.16211
2025-06-23 07:00:00,101940.28,102137.0,101748.31,101931.04,520.59927
2025-06-23 08:00:00,101931.04,102080.0,101746.61,101881.37,611.15349
2025-06-23 09:00:00,101881.38,101881.38,101389.09,101567.66,744.83165
2025-06-23 10:00:00,101567.66,101577.01,101198.68,101463.21,457.66095
2025-06-23 11:00:00,101463.22,101562.19,101102.76,101289.01,713.87442
2025-06-23 12:00:00,101289.0,101684.7,101112.06,101684.7,534.10819
2025-06-23 13:00:00,101684.7,102480.06,100792.16,102354.14,1686.21308
2025-06-23 14:00:00,102354.15,102613.09,101496.0,101624.39,1515.43225
2025-06-23 15:00:00,101624.39,102060.25,101301.2,101420.7,715.91148
2025-06-23 16:00:00,101420.71,101453.35,99613.33,100692.1,2500.92801
2025-06-23 17:00:00,100692.1,102690.0,100500.22,102484.02,2504.13624
2025-06-23 18:00:00,102484.02,103300.0,102387.72,102933.78,1726.1708
2025-06-23 19:00:00,102933.77,103230.76,102676.94,103161.29,765.13745
2025-06-23 20:00:00,103161.3,103915.5,102880.0,103739.99,1393.77246
2025-06-23 21:00:00,103740.0,104214.28,103624.19,103705.52,1054.87886
2025-06-23 22:00:00,103705.52,106074.2,103697.06,105538.19,4047.63551
2025-06-23 23:00:00,105538.17,105665.05,105115.65,105333.93,1255.36828
2025-06-24 00:00:00,105333.94,105500.0,104909.69,105132.59,875.43152
2025-06-24 01:00:00,105132.59,105499.99,104966.99,105450.76,601.29109
2025-06-24 02:00:00,105450.75,105450.75,104729.69,104753.8,857.70174
2025-06-24 03:00:00,104753.8,105127.94,104720.82,104919.6,547.71821
2025-06-24 04:00:00,104919.6,104959.24,104704.91,104826.14,328.91534
2025-06-24 05:00:00,104826.13,105426.48,104826.13,105396.54,800.95842
2025-06-24 06:00:00,105396.54,105811.0,105244.84,105655.23,1003.25722
2025-06-24 07:00:00,105655.23,105777.0,104900.0,104933.74,1025.84889
2025-06-24 08:00:00,104933.74,105167.24,104622.02,104996.77,869.69249
2025-06-24 09:00:00,104996.78,105571.4,104968.25,105198.98,541.75908
2025-06-24 10:00:00,105198.99,105351.0,105069.23,105281.99,340.65394
2025-06-24 11:00:00,105281.98,105428.03,105001.6,105170.0,464.75889
2025-06-24 12:00:00,105169.99,105306.54,104968.43,105205.47,430.49812
2025-06-24 13:00:00,105205.47,105390.27,104800.98,105065.44,899.11622
2025-06-24 14:00:00,105065.45,105665.52,104950.8,105517.5,910.70771
2025-06-24 15:00:00,105517.5,105731.92,105153.01,105244.73,693.40867
2025-06-24 16:00:00,105244.72,106268.0,105172.64,106225.26,1025.54114
2025-06-24 17:00:00,106225.25,106290.0,105609.8,106046.69,688.95518
2025-06-24 18:00:00,106046.69,106088.96,105523.8,105533.73,334.55603
2025-06-24 19:00:00,105533.73,105677.82,105270.48,105643.19,317.34852
2025-06-24 20:00:00,105643.2,106098.0,105435.45,106087.3,303.1649
2025-06-24 21:00:00,106087.3,106119.11,105729.95,105989.05,323.30084
2025-06-24 22:00:00,105989.04,106025.92,105734.38,106025.39,215.34353
2025-06-24 23:00:00,106025.39,106083.0,105774.9,106083.0,251.76566
2025-06-25 00:00:00,106083.0,106470.21,105808.03,106407.34,592.29341
2025-06-25 01:00:00,106407.34,106616.01,106016.0,106387.43,631.33414
2025-06-25 02:00:00,106387.42,106791.18,106300.0,106474.58,835.01863
2025-06-25 03:00:00,106474.58,106599.9,106216.62,106232.01,326.44832
2025-06-25 04:00:00,106232.01,106308.89,106001.0,106197.56,412.73706
2025-06-25 05:00:00,106197.55,106396.61,106037.14,106213.72,356.85468
2025-06-25 06:00:00,106213.72,106461.04,106125.05,106399.99,265.13494
2025-06-25 07:00:00,106400.0,106702.0,106321.25,106600.01,282.89666
2025-06-25 08:00:00,106600.0,106663.24,106343.13,106635.76,311.52266
2025-06-25 09:00:00,106635.76,106971.91,106449.61,106628.06,622.78256
2025-06-25 10:00:00,106628.05,107184.68,106567.38,107126.49,814.12848
2025-06-25 11:00:00,107126.5,107237.44,106866.9,107198.02,524.38199
2025-06-25 12:00:00,107198.02,107300.0,106927.8,107240.0,638.76405
2025-06-25 13:00:00,107240.0,108130.24,107172.87,107923.21,2185.64353
2025-06-25 14:00:00,107923.22,108135.3,107226.94,107629.59,2426.55627
2025-06-25 15:00:00,107629.58,107638.0,106752.36,107028.0,2246.03929
2025-06-25 16:00:00,107027.99,107490.75,106989.03,107139.81,647.37905
2025-06-25 17:00:00,107139.81,107529.35,106931.0,107402.53,416.2053
2025-06-25 18:00:00,107402.54,107523.9,107177.52,107406.63,346.45173
2025-06-25 19:00:00,107406.62,107905.37,107394.97,107761.68,699.65838
2025-06-25 20:00:00,107761.67,107859.33,107500.0,107781.2,280.92154
2025-06-25 21:00:00,107781.2,108000.0,107444.57,107569.67,358.92205
2025-06-25 22:00:00,107569.67,107569.68,107215.0,107275.01,222.01581
2025-06-25 23:00:00,107275.01,107375.01,107079.9,107340.58,257.06498
2025-06-26 00:00:00,107340.59,107623.52,107252.21,107320.0,388.09743
2025-06-26 01:00:00,107320.0,107900.0,107105.43,107638.01,438.8069
2025-06-26 02:00:00,107638.01,108039.05,107562.4,107920.47,511.55605
2025-06-26 03:00:00,107920.47,108272.45,107783.69,107853.79,558.37668
2025-06-26 04:00:00,107853.79,107953.27,107692.64,107845.41,326.06452
2025-06-26 05:00:00,107845.4,107845.4,107520.0,107632.09,213.1355
2025-06-26 06:00:00,107632.09,107813.57,107553.11,107761.5,239.49288
2025-06-26 07:00:00,107761.5,108085.92,107751.3,107813.99,512.12581
2025-06-26 08:00:00,107813.99,108174.86,107709.38,107753.07,504.11053
2025-06-26 09:00:00,107753.07,107786.53,107275.63,107325.12,744.20067
2025-06-26 10:00:00,107325.13,107468.94,107240.0,107389.01,348.76501
2025-06-26 11:00:00,107389.0,107403.02,107117.65,107325.41,413.36685
2025-06-26 12:00:00,107325.42,107421.57,107033.33,107122.48,385.28934
2025-06-26 13:00:00,107122.47,107348.52,106817.64,106960.01,798.08785
2025-06-26 14:00:00,106960.01,107765.55,106884.31,107436.6,711.91004
2025-06-26 15:00:00,107436.6,107515.5,106562.5,107313.6,727.84181
2025-06-26 16:00:00,107313.61,107410.94,107009.28,107196.05,326.30789
2025-06-26 17:00:00,107196.06,107442.84,107145.38,107192.99,275.62731
2025-06-26 18:00:00,107192.99,107580.0,107137.03,107384.1,289.91325
2025-06-26 19:00:00,107384.11,107669.74,107328.0,107532.98,360.79815
2025-06-26 20:00:00,107532.97,108000.0,107451.95,107766.29,497.91662
2025-06-26 21:00:00,107766.3,107799.99,106850.0,107029.6,462.11523
2025-06-26 22:00:00,107029.59,107235.29,106961.94,106992.59,243.89497
2025-06-26 23:00:00,106992.59,107063.05,106865.56,106947.06,295.4715
2025-06-27 00:00:00,106947.06,107179.8,106650.26,106675.22,332.61058
2025-06-27 01:00:00,106675.21,107229.95,106438.33,107122.81,490.44969
2025-06-27 02:00:00,107122.8,107300.0,107062.42,107253.6,277.3313
2025-06-27 03:00:00,107253.59,107515.28,107168.79,107477.76,371.91271
2025-06-27 04:00:00,107477.76,107568.68,107360.65,107497.06,282.76941
2025-06-27 05:00:00,107497.07,107550.0,107267.73,107267.74,285.13466
2025-06-27 06:00:00,107267.73,107385.24,107202.67,107278.82,187.40893
2025-06-27 07:00:00,107278.82,107735.34,106850.0,106869.71,1190.74662
2025-06-27 08:00:00,106869.72,107087.85,106679.98,106998.53,756.49658
2025-06-27 09:00:00,106998.54,107137.64,106786.47,107083.8,1011.48795
2025-06-27 10:00:00,107083.81,107159.95,106953.02,106995.32,328.42336
2025-06-27 11:00:00,106995.33,107147.83,106921.66,106983.6,221.66755
2025-06-27 12:00:00,106983.6,107200.0,106601.64,106692.9,489.40703
2025-06-27 13:00:00,106692.89,106982.4,106356.76,106820.99,613.57127
2025-06-27 14:00:00,106821.0,107105.43,106370.44,106557.79,2106.24243
2025-06-27 15:00:00,106557.79,107407.14,106485.37,107308.25,495.30793
2025-06-27 16:00:00,107308.25,107709.22,107094.03,107480.1,678.72532
2025-06-27 17:00:00,107480.1,107497.16,106477.34,106875.75,501.2309
2025-06-27 18:00:00,106875.75,107000.0,106446.45,106704.6,440.83658
2025-06-27 19:00:00,106704.6,107020.66,106594.1,106801.02,366.69076
2025-06-27 20:00:00,106801.02,107130.36,106794.33,107119.5,254.52948
2025-06-27 21:00:00,107119.5,107277.99,107038.54,107052.01,231.16317
2025-06-27 22:00:00,107052.01,107190.21,107052.01,107100.7,148.83751
2025-06-27 23:00:00,107100.7,107171.23,106961.7,107047.59,169.4587
2025-06-28 00:00:00,107047.58,107176.68,106847.59,107064.19,284.90876
2025-06-28 01:00:00,107064.2,107129.33,106811.51,107066.19,193.38505
2025-06-28 02:00:00,107066.19,107200.0,107015.7,107110.0,154.46239
2025-06-28 03:00:00,107110.01,107347.1,107080.27,107300.13,142.29084
2025-06-28 04:00:00,107300.13,107310.9,107183.29,107191.19,92.66137
2025-06-28 05:00:00,107191.2,107317.0,107185.32,107294.8,127.55204
2025-06-28 06:00:00,107294.81,107449.07,107294.8,107412.07,119.62237
2025-06-28 07:00:00,107412.07,107496.12,107400.68,107485.0,157.78581
2025-06-28 08:00:00,107485.01,107493.07,107347.85,107379.99,100.63716
2025-06-28 09:00:00,107380.0,107380.0,107275.0,107307.99,109.33753
2025-06-28 10:00:00,107308.0,107376.89,107252.6,107274.41,117.47879
2025-06-28 11:00:00,107274.41,107373.4,107270.37,107373.39,88.84492
2025-06-28 12:00:00,107373.39,107373.4,107292.44,107341.34,109.02275
2025-06-28 13:00:00,107341.34,107354.82,107084.15,107101.78,222.67132
2025-06-28 14:00:00,107101.79,107258.35,107101.78,107204.8,128.87426
2025-06-28 15:00:00,107204.81,107577.75,107190.21,107449.28,254.30559
2025-06-28 16:00:00,107449.28,107520.32,107253.22,107295.84,215.26558
2025-06-28 17:00:00,107295.85,107542.5,107295.13,107465.12,116.29548
2025-06-28 18:00:00,107465.13,107465.13,107260.64,107318.0,97.82363
2025-06-28 19:00:00,107318.0,107339.38,107225.74,107225.74,69.70492
2025-06-28 20:00:00,107225.74,107235.4,107154.62,107169.52,80.40679
2025-06-28 21:00:00,107169.52,107347.65,107169.52,107331.38,82.17435
2025-06-28 22:00:00,107331.37,107378.37,107257.09,107370.61,141.59714
2025-06-28 23:00:00,107370.61,107370.62,107282.72,107296.79,75.06468
2025-06-29 00:00:00,107296.79,107500.0,107254.16,107475.92,216.23676
2025-06-29 01:00:00,107475.91,107475.92,107310.53,107311.0,101.25733
2025-06-29 02:00:00,107311.0,107355.06,107172.52,107307.48,143.34108
2025-06-29 03:00:00,107307.47,107307.48,107189.86,107210.78,73.19936
2025-06-29 04:00:00,107210.78,107272.77,107210.77,107264.15,55.66311
2025-06-29 05:00:00,107264.16,107310.0,107205.82,107309.99,65.97827
2025-06-29 06:00:00,107310.0,107385.92,107309.99,107376.95,104.8323
2025-06-29 07:00:00,107376.96,107402.18,107330.0,107402.18,114.10295
2025-06-29 08:00:00,107402.17,107719.58,107402.17,107693.85,317.48769
2025-06-29 09:00:00,107693.85,107972.74,107627.49,107891.64,417.03479
2025-06-29 10:00:00,107891.64,108297.89,107849.61,108153.26,789.94745
2025-06-29 11:00:00,108153.25,108484.0,108096.56,108477.11,464.45774
2025-06-29 12:00:00,108477.12,108528.5,108033.0,108189.88,374.4257
2025-06-29 13:00:00,108189.88,108228.28,108012.82,108051.52,254.59705
2025-06-29 14:00:00,108051.53,108215.12,107777.77,107948.08,346.17479
2025-06-29 15:00:00,107948.07,108034.13,107650.0,107750.72,345.2614
2025-06-29 16:00:00,107750.72,107792.05,107320.0,107552.03,545.10349
2025-06-29 17:00:00,107552.03,107592.17,107316.46,107544.44,341.27998
2025-06-29 18:00:00,107544.44,107718.02,107445.4,107640.01,195.17898
2025-06-29 19:00:00,107640.01,107640.01,107365.96,107406.81,106.96705
2025-06-29 20:00:00,107406.8,107494.06,107359.78,107359.79,127.90868
2025-06-29 21:00:00,107359.79,107734.59,107250.0,107543.48,254.81614
2025-06-29 22:00:00,107543.48,108277.23,107543.48,108079.9,562.58019
2025-06-29 23:00:00,108079.91,108436.47,108013.28,108356.93,513.90412
2025-06-30 00:00:00,108356.93,108789.99,108255.81,108713.81,695.19445
2025-06-30 01:00:00,108713.8,108770.0,108396.18,108493.93,354.63098
2025-06-30 02:00:00,108493.92,108652.0,108445.01,108479.81,283.7017
2025-06-30 03:00:00,108479.99,108580.0,108419.56,108503.74,230.64114
2025-06-30 04:00:00,108503.74,108538.76,108301.6,108314.99,265.0143
2025-06-30 05:00:00,108314.98,108380.0,108168.48,108280.65,230.27709
2025-06-30 06:00:00,108280.66,108299.99,107518.88,107571.72,588.6705
2025-06-30 07:00:00,107571.73,107746.13,107481.31,107614.08,497.31364
2025-06-30 08:00:00,107614.07,107747.76,107459.0,107512.89,368.679
2025-06-30 09:00:00,107512.89,107704.98,107466.18,107478.77,269.13675
2025-06-30 10:00:00,107478.78,107649.5,107400.0,107649.49,263.79321
2025-06-30 11:00:00,107649.5,107964.33,107624.99,107654.2,340.59546
2025-06-30 12:00:00,107654.21,107824.31,107561.16,107570.58,362.20383
2025-06-30 13:00:00,107570.59,107858.79,107482.56,107525.49,546.11194
2025-06-30 14:00:00,107525.49,107641.31,106777.77,106803.32,1166.01856
2025-06-30 15:00:00,106803.32,107796.2,106733.33,107580.46,905.70004
2025-06-30 16:00:00,107580.47,107807.94,107281.5,107599.96,413.06794
2025-06-30 17:00:00,107599.96,107792.99,107429.39,107462.94,346.53424
2025-06-30 18:00:00,107462.95,107614.9,107116.4,107242.01,230.18635
2025-06-30 19:00:00,107242.0,107794.19,107212.6,107745.97,325.03838
2025-06-30 20:00:00,107745.97,107764.73,107480.0,107577.89,187.16819
2025-06-30 21:00:00,107577.88,107589.0,106900.02,107130.81,441.72872
2025-06-30 22:00:00,107130.8,107317.53,107029.64,107112.75,203.265
2025-06-30 23:00:00,107112.76,107232.59,107063.04,107146.5,239.4535
2025-07-01 00:00:00,107146.51,107449.25,107026.93,107377.02,253.62802
2025-07-01 01:00:00,107377.03,107540.0,107171.42,107220.0,219.64653
2025-07-01 02:00:00,107220.0,107410.74,107097.87,107101.69,207.06087
2025-07-01 03:00:00,107101.68,107223.0,107070.2,107192.38,293.12458
2025-07-01 04:00:00,107192.39,107203.11,106867.43,106881.6,261.75371
2025-07-01 05:00:00,106881.6,106967.76,106740.0,106932.49,402.48733
2025-07-01 06:00:00,106932.49,106932.49,106758.24,106890.77,167.32269
2025-07-01 07:00:00,106890.77,107178.99,106615.97,107178.99,436.41463
2025-07-01 08:00:00,107178.99,107178.99,106681.52,106710.12,282.35131
2025-07-01 09:00:00,106710.12,106794.09,106500.0,106556.39,389.14535
2025-07-01 10:00:00,106556.39,106633.31,106301.86,106490.42,468.88764
2025-07-01 11:00:00,106490.42,106622.05,106317.17,106605.8,294.43204
2025-07-01 12:00:00,106605.79,106706.05,106365.24,106421.08,284.29339
2025-07-01 13:00:00,106421.07,106885.38,106301.04,106807.42,1241.43566
2025-07-01 14:00:00,106807.43,107179.99,105717.84,105925.0,1572.86174
2025-07-01 15:00:00,105925.01,106200.0,105623.39,105955.18,876.10488
2025-07-01 16:00:00,105955.19,106280.0,105831.5,106082.56,343.73692
2025-07-01 17:00:00,106082.55,106287.95,105909.42,106253.79,279.69821
2025-07-01 18:00:00,106253.8,106269.6,105699.22,105749.68,412.70793
2025-07-01 19:00:00,105749.68,105804.0,105387.68,105398.53,654.75967
2025-07-01 20:00:00,105398.52,105995.44,105250.85,105920.01,431.58675
2025-07-01 21:00:00,105920.01,106100.0,105744.81,105784.13,231.93599
2025-07-01 22:00:00,105784.12,105916.64,105600.0,105613.22,253.7495
2025-07-01 23:00:00,105613.21,105702.39,105361.33,105681.14,246.49903
2025-07-02 00:00:00,105681.13,105781.43,105377.35,105392.3,239.30387
2025-07-02 01:00:00,105392.3,105790.07,105100.19,105720.0,517.94641
2025-07-02 02:00:00,105720.0,105920.11,105525.61,105908.7,333.47913
2025-07-02 03:00:00,105908.71,106216.08,105871.07,106194.7,362.91292
2025-07-02 04:00:00,106194.7,106382.86,106131.55,106382.86,339.23333
2025-07-02 05:00:00,106382.85,106667.57,106292.29,106638.83,395.18675
2025-07-02 06:00:00,106638.83,107014.39,106633.83,107014.38,611.77648
2025-07-02 07:00:00,107014.39,107186.78,106852.83,107080.0,557.31452
2025-07-02 08:00:00,107080.0,107745.0,107080.0,107728.99,802.78861
2025-07-02 09:00:00,107729.0,107799.99,107506.52,107636.16,388.44355
2025-07-02 10:00:00,107636.15,107860.23,107612.67,107848.95,442.3967
2025-07-02 11:00:00,107848.95,107848.96,107338.15,107479.99,514.05194
2025-07-02 12:00:00,107479.98,107479.99,107186.1,107379.92,371.85695
2025-07-02 13:00:00,107379.92,107998.0,107280.0,107768.2,587.51111
2025-07-02 14:00:00,107768.21,108171.8,107659.35,108139.99,937.16142
2025-07-02 15:00:00,108140.0,108759.2,108120.0,108737.74,1330.61173
2025-07-02 16:00:00,108737.75,109646.45,108650.97,109413.02,2695.11586
2025-07-02 17:00:00,109413.01,109730.0,108834.3,109129.67,1117.75624
2025-07-02 18:00:00,109129.68,109538.89,108989.9,109538.88,522.88486
2025-07-02 19:00:00,109538.88,109681.81,109293.9,109676.14,1320.35211
2025-07-02 20:00:00,109676.14,109676.14,109128.72,109136.3,575.18566
2025-07-02 21:00:00,109136.31,109542.31,109130.01,109441.8,1281.72086
2025-07-02 22:00:00,109441.79,109498.91,109100.57,109142.0,673.30761
2025-07-02 23:00:00,109142.0,109170.42,108720.0,108849.6,773.5973
2025-07-03 00:00:00,108849.59,109115.03,108715.56,108915.0,494.29688
2025-07-03 01:00:00,108915.0,109111.0,108807.43,108975.97,383.5858
2025-07-03 02:00:00,108975.96,108975.97,108530.4,108721.52,335.42231
2025-07-03 03:00:00,108721.52,108820.0,108620.25,108628.21,226.69063
2025-07-03 04:00:00,108628.2,109000.01,108566.14,108790.0,293.13317
2025-07-03 05:00:00,108790.0,109381.12,108790.0,109340.37,452.51528
2025-07-03 06:00:00,109340.37,109548.0,109237.85,109478.94,372.89912
2025-07-03 07:00:00,109478.95,109478.95,109146.2,109280.0,442.04211
2025-07-03 08:00:00,109279.99,109580.0,109279.99,109377.57,557.97387
2025-07-03 09:00:00,109377.57,110273.21,109377.57,109942.2,1791.81347
2025-07-03 10:00:00,109942.19,110000.0,109628.08,109839.37,644.21123
2025-07-03 11:00:00,109839.38,109839.38,109584.61,109599.19,255.55023
2025-07-03 12:00:00,109599.18,109916.0,108749.99,109167.99,1102.71213
2025-07-03 13:00:00,109168.0,110529.18,109133.3,110255.63,1445.48707
2025-07-03 14:00:00,110255.64,110499.6,109560.0,109718.57,999.03383
2025-07-03 15:00:00,109718.57,109833.3,109107.0,109127.84,654.49287
2025-07-03 16:00:00,109127.85,109683.19,109020.8,109288.46,584.75038
2025-07-03 17:00:00,109288.47,109655.7,109278.41,109556.0,410.71077
2025-07-03 18:00:00,109556.0,109721.51,109332.1,109678.75,284.97474
2025-07-03 19:00:00,109678.75,109910.1,109638.01,109803.41,408.00794
2025-07-03 20:00:00,109803.41,109947.11,109772.37,109947.11,187.94195
2025-07-03 21:00:00,109947.1,110000.0,109687.59,109788.0,261.66349
2025-07-03 22:00:00,109787.99,109874.69,109650.94,109699.17,195.2012
2025-07-03 23:00:00,109699.17,109820.0,109510.0,109584.78,261.97178
2025-07-04 00:00:00,109584.77,109708.04,109384.38,109478.94,234.7478
2025-07-04 01:00:00,109478.94,109767.59,109445.86,109500.01,208.55945
2025-07-04 02:00:00,109500.01,109500.01,109103.71,109180.54,302.6227
2025-07-04 03:00:00,109180.54,109373.08,109119.23,109235.57,256.79241
2025-07-04 04:00:00,109235.58,109329.6,108950.0,108982.59,364.1263
2025-07-04 05:00:00,108982.59,109204.08,108921.0,109012.0,345.38756
2025-07-04 06:00:00,109012.0,109028.98,108804.0,109025.99,279.91071
2025-07-04 07:00:00,109026.0,109144.33,108700.0,108700.0,619.63648
2025-07-04 08:00:00,108700.0,108892.0,108518.83,108763.28,397.51798
2025-07-04 09:00:00,108763.29,109070.0,108763.28,108997.59,290.69348
2025-07-04 10:00:00,108997.6,109067.06,108865.38,108899.74,212.83251
2025-07-04 11:00:00,108899.73,109111.0,108856.0,108888.0,185.34724
2025-07-04 12:00:00,108888.0,108978.64,108611.53,108731.79,244.5987
2025-07-04 13:00:00,108731.8,108856.49,107970.22,107970.23,953.81709
2025-07-04 14:00:00,107970.22,108110.75,107505.0,107810.0,1361.9337
2025-07-04 15:00:00,107809.99,107939.03,107573.28,107573.29,1055.73997
2025-07-04 16:00:00,107573.29,107750.01,107333.33,107636.98,1414.5159
2025-07-04 17:00:00,107636.99,107922.5,107632.0,107875.37,364.43679
2025-07-04 18:00:00,107875.37,107875.37,107489.23,107489.23,990.63968
2025-07-04 19:00:00,107489.23,107637.84,107245.0,107469.23,662.11075
2025-07-04 20:00:00,107469.22,107813.04,107440.63,107692.01,228.63195
2025-07-04 21:00:00,107692.01,107941.99,107689.91,107911.2,255.84136
2025-07-04 22:00:00,107911.19,108279.33,107886.84,108254.95,374.4163
2025-07-04 23:00:00,108254.95,108254.96,107958.0,107984.24,189.00934
2025-07-05 00:00:00,107984.25,108224.56,107955.07,108196.01,182.76266
2025-07-05 01:00:00,108196.0,108196.01,107894.61,107981.13,148.43092
2025-07-05 02:00:00,107981.14,108095.59,107756.31,108067.87,246.24667
2025-07-05 03:00:00,108067.88,108259.99,108067.87,108154.72,189.1976
2025-07-05 04:00:00,108154.72,108420.56,108032.0,108137.66,171.53463
2025-07-05 05:00:00,108137.65,108166.31,108000.0,108125.63,147.7334
2025-07-05 06:00:00,108125.63,108287.48,108059.71,108270.82,183.20807
2025-07-05 07:00:00,108270.82,108270.82,108000.99,108053.46,157.65432
2025-07-05 08:00:00,108053.46,108125.37,107922.8,108029.97,140.43625
2025-07-05 09:00:00,108029.96,108123.62,107870.42,108078.06,184.41899
2025-07-05 10:00:00,108078.07,108216.22,108053.3,108085.23,189.72643
2025-07-05 11:00:00,108085.24,108219.19,108085.23,108112.21,160.79807
2025-07-05 12:00:00,108112.2,108152.95,107971.0,108148.57,94.22384
2025-07-05 13:00:00,108148.56,108232.29,108100.44,108125.99,170.43426
2025-07-05 14:00:00,108126.0,108223.22,108103.84,108193.23,140.40955
2025-07-05 15:00:00,108193.23,108193.24,108047.42,108058.0,159.40315
2025-07-05 16:00:00,108058.0,108112.8,107864.75,108101.99,216.8031
2025-07-05 17:00:00,108101.99,108159.0,107941.0,108090.08,128.19149
2025-07-05 18:00:00,108090.08,108098.0,107965.51,108010.0,120.9452
2025-07-05 19:00:00,108010.01,108167.23,107953.03,108141.78,120.25631
2025-07-05 20:00:00,108141.78,108159.39,107993.39,108096.75,99.85777
2025-07-05 21:00:00,108096.74,108140.0,108061.53,108090.0,83.77406
2025-07-05 22:00:00,108089.99,108200.0,108048.25,108188.47,91.98951
2025-07-05 23:00:00,108188.46,108250.0,108181.61,108198.12,208.53945
2025-07-06 00:00:00,108198.12,108250.0,108112.96,108206.99,89.82019
2025-07-06 01:00:00,108206.99,108218.25,108084.92,108218.25,95.82235
2025-07-06 02:00:00,108218.25,108268.35,108060.02,108060.02,133.80239
2025-07-06 03:00:00,108060.0,108100.0,108025.97,108050.49,77.80971
2025-07-06 04:00:00,108050.49,108100.0,107930.45,107989.11,116.9031
2025-07-06 05:00:00,107989.1,108010.13,107962.19,108003.35,83.81175
2025-07-06 06:00:00,108003.36,108218.0,107977.7,108121.98,156.92717
2025-07-06 07:00:00,108121.99,108194.59,108040.17,108040.31,140.25482
2025-07-06 08:00:00,108040.31,108065.69,107969.31,108005.27,238.55538
2025-07-06 09:00:00,108005.27,108056.01,107817.8,107850.01,198.30154
2025-07-06 10:00:00,107850.0,108111.0,107800.01,107990.93,218.41123
2025-07-06 11:00:00,107990.93,108079.17,107949.99,108076.01,85.72788
2025-07-06 12:00:00,108076.0,108233.0,108045.76,108232.99,204.94128
2025-07-06 13:00:00,108233.0,109127.03,108191.85,108772.17,934.17809
2025-07-06 14:00:00,108772.18,109049.27,108612.0,108933.25,560.71245
2025-07-06 15:00:00,108933.25,109000.12,108665.86,108905.99,493.52424
2025-07-06 16:00:00,108906.0,108955.63,108708.0,108856.92,239.51721
2025-07-06 17:00:00,108856.92,108966.62,108727.16,108919.22,143.19416
2025-07-06 18:00:00,108919.23,108928.0,108266.67,108463.99,356.56585
2025-07-06 19:00:00,108464.0,108630.95,108307.69,108538.46,182.73112
2025-07-06 20:00:00,108538.45,108840.0,108536.86,108665.47,128.29699
2025-07-06 21:00:00,108665.48,109700.0,108665.47,109208.25,810.60996
2025-07-06 22:00:00,109208.24,109526.69,109203.86,109228.73,464.06563
2025-07-06 23:00:00,109228.73,109278.18,108977.54,109203.84,293.12251
2025-07-07 00:00:00,109203.85,109288.02,108800.01,108823.07,253.63512
2025-07-07 01:00:00,108823.07,109089.0,108679.75,109019.13,299.62996
2025-07-07 02:00:00,109019.13,109499.99,109019.12,109364.52,433.83049
2025-07-07 03:00:00,109364.53,109700.0,109364.52,109389.47,326.56622
2025-07-07 04:00:00,109389.46,109447.54,109128.72,109128.73,184.07817
2025-07-07 05:00:00,109128.73,109201.65,109035.21,109079.99,184.85155
2025-07-07 06:00:00,109079.99,109174.87,108769.23,108774.5,348.32807
2025-07-07 07:00:00,108774.5,109061.08,108654.94,109061.08,351.63493
2025-07-07 08:00:00,109061.07,109087.86,108860.5,109011.7,211.49643
2025-07-07 09:00:00,109011.7,109011.71,108761.13,108849.06,259.49114
2025-07-07 10:00:00,108849.05,108899.32,108660.14,108664.14,967.12524
2025-07-07 11:00:00,108664.15,108801.0,108572.52,108642.01,355.32653
2025-07-07 12:00:00,108642.01,108642.02,108303.83,108346.85,889.93465
2025-07-07 13:00:00,108346.86,108572.0,108019.23,108536.84,726.60378
2025-07-07 14:00:00,108536.84,108660.0,107970.0,108223.14,535.69464
2025-07-07 15:00:00,108223.14,108621.45,108223.14,108292.59,364.16316
2025-07-07 16:00:00,108292.59,108493.56,107906.25,107976.91,640.2301
2025-07-07 17:00:00,107976.91,108354.0,107811.0,107943.15,381.91342
2025-07-07 18:00:00,107943.16,108100.0,107513.2,108024.53,492.15098
2025-07-07 19:00:00,108024.53,108314.72,108009.99,108056.68,311.81983
2025-07-07 20:00:00,108056.67,108140.5,107866.66,107886.85,220.5076
2025-07-07 21:00:00,107886.85,108213.0,107800.01,108166.95,283.98408
2025-07-07 22:00:00,108166.94,108180.0,107973.06,108019.23,222.87717
2025-07-07 23:00:00,108019.23,108300.0,108019.23,108262.94,159.50275
2025-07-08 00:00:00,108262.94,108525.0,108193.48,108299.99,409.64154
2025-07-08 01:00:00,108299.99,108300.0,107689.64,107705.03,327.96475
2025-07-08 02:00:00,107705.03,107945.0,107429.57,107766.2,1090.68261
2025-07-08 03:00:00,107766.2,108000.0,107686.92,107901.52,183.27109
2025-07-08 04:00:00,107901.52,108019.24,107750.0,108019.24,152.71362
2025-07-08 05:00:00,108019.23,108220.39,107990.0,108210.94,193.76866
2025-07-08 06:00:00,108210.94,108392.05,108135.25,108299.72,260.36038
2025-07-08 07:00:00,108299.71,108499.0,108216.04,108484.61,403.22303
2025-07-08 08:00:00,108484.61,108525.0,108262.35,108262.36,242.39116
2025-07-08 09:00:00,108262.35,108488.98,108229.15,108469.99,142.75742
2025-07-08 10:00:00,108469.99,108900.0,108419.08,108832.77,470.58627
2025-07-08 11:00:00,108832.78,109005.0,108756.36,108756.37,458.50309
2025-07-08 12:00:00,108756.37,108949.19,108688.82,108949.19,228.47887
2025-07-08 13:00:00,108949.19,109216.56,108631.27,109034.61,591.54102
2025-07-08 14:00:00,109034.6,109072.81,108250.0,108376.0,597.6859
2025-07-08 15:00:00,108376.0,108528.06,108217.07,108268.35,430.74475
2025-07-08 16:00:00,108268.35,108562.95,108096.55,108439.37,340.38908
2025-07-08 17:00:00,108439.37,109100.0,108439.37,108991.0,1106.48635
2025-07-08 18:00:00,108991.01,109147.56,108909.94,109147.56,700.15853
2025-07-08 19:00:00,109147.55,109147.56,108736.0,108771.88,279.87349
2025-07-08 20:00:00,108771.87,108939.0,108630.53,108630.54,159.96027
2025-07-08 21:00:00,108630.53,108970.4,108624.0,108889.9,169.96042
2025-07-08 22:00:00,108889.89,108973.58,108818.08,108917.01,153.40934
2025-07-08 23:00:00,108917.01,108974.0,108823.07,108922.98,121.46916
2025-07-09 00:00:00,108922.99,108957.58,108777.97,108940.39,140.46581
2025-07-09 01:00:00,108940.38,109136.0,108722.09,108780.76,219.97215
2025-07-09 02:00:00,108780.77,108837.7,108600.0,108611.53,277.87433
2025-07-09 03:00:00,108611.53,108665.4,108348.0,108376.41,356.48997
2025-07-09 04:00:00,108376.41,108564.0,108324.53,108553.61,214.96856
2025-07-09 05:00:00,108553.6,108942.2,108489.2,108778.1,393.65608
2025-07-09 06:00:00,108778.1,108860.0,108667.01,108840.01,219.55216
2025-07-09 07:00:00,108840.01,108876.3,108675.15,108714.39,173.42235
2025-07-09 08:00:00,108714.39,108837.7,108654.15,108654.16,259.46811
2025-07-09 09:00:00,108654.15,108793.47,108553.18,108763.37,334.08934
2025-07-09 10:00:00,108763.37,108900.0,108708.0,108900.0,159.39779
2025-07-09 11:00:00,108900.0,109117.0,108899.99,109058.27,523.04092
2025-07-09 12:00:00,109058.27,109500.0,108992.87,109330.77,917.6335
2025-07-09 13:00:00,109330.76,109769.39,109128.72,109184.0,1400.69872
2025-07-09 14:00:00,109183.99,109460.94,108503.0,108900.29,1123.17859
2025-07-09 15:00:00,108900.29,109215.69,108816.52,109071.32,666.8805
2025-07-09 16:00:00,109071.32,109475.29,109047.49,109408.71,338.27349
2025-07-09 17:00:00,109408.72,109447.82,109047.49,109168.0,301.26918
2025-07-09 18:00:00,109168.01,109579.98,109137.42,109536.49,559.4946
2025-07-09 19:00:00,109536.5,111999.79,109500.0,111750.0,5139.53728
2025-07-09 20:00:00,111749.99,111952.33,110559.4,110714.97,1677.69298
2025-07-09 21:00:00,110714.97,111280.0,110682.39,110818.36,689.32229
2025-07-09 22:00:00,110818.36,111403.85,110818.36,111382.17,582.41183
2025-07-09 23:00:00,111382.17,111521.0,111229.92,111233.99,613.49597
2025-07-10 00:00:00,111234.0,111319.24,110916.66,110916.66,402.36165
2025-07-10 01:00:00,110916.66,111356.0,110880.0,111189.71,474.28195
2025-07-10 02:00:00,111189.7,111581.0,111150.0,111213.91,493.35901
2025-07-10 03:00:00,111213.91,111221.14,110986.33,111074.51,317.73205
2025-07-10 04:00:00,111074.52,111185.77,110951.59,111150.0,292.13383
2025-07-10 05:00:00,111150.0,111164.35,110898.0,111086.14,477.20128
2025-07-10 06:00:00,111086.14,111306.49,111086.14,111233.34,395.68308
2025-07-10 07:00:00,111233.33,111432.46,111144.08,111230.0,502.09594
2025-07-10 08:00:00,111229.99,111398.96,111102.78,111233.33,401.06449
2025-07-10 09:00:00,111233.34,111258.0,111021.57,111041.36,286.97004
2025-07-10 10:00:00,111041.37,111098.3,110870.33,111088.51,356.07524
2025-07-10 11:00:00,111088.51,111173.95,110967.0,111019.99,363.6832
2025-07-10 12:00:00,111019.99,111020.0,110752.35,110869.0,357.65859
2025-07-10 13:00:00,110869.0,111039.99,110500.0,110800.01,544.26918
2025-07-10 14:00:00,110801.78,111319.24,110642.3,111247.57,729.68377
2025-07-10 15:00:00,111247.56,111408.41,110969.51,111408.4,589.60583
2025-07-10 16:00:00,111408.4,112725.38,111322.32,112643.48,2446.3854
2025-07-10 17:00:00,112643.47,113788.23,112545.95,113722.82,2757.376001
2025-07-10 18:00:00,113722.83,113760.97,112985.64,113420.0,1310.78452
2025-07-10 19:00:00,113420.01,113680.0,113098.45,113301.81,946.49177
2025-07-10 20:00:00,113301.8,113580.0,113270.98,113493.16,554.81409
2025-07-10 21:00:00,113493.16,116868.0,113385.36,116490.52,6314.071274
2025-07-10 22:00:00,116490.52,116499.95,115800.0,116008.38,2278.63989
2025-07-10 23:00:00,116008.38,116099.99,115645.88,116010.0,1291.02859
2025-07-11 00:00:00,116010.01,116098.8,115222.22,115590.63,1041.06079
2025-07-11 01:00:00,115590.64,116078.85,115514.57,115967.57,786.25654
2025-07-11 02:00:00,115967.57,116800.0,115702.86,116672.57,1353.14236
2025-07-11 03:00:00,116672.57,116950.0,116390.25,116881.7,1276.211611
2025-07-11 04:00:00,116881.69,116929.0,116500.0,116918.16,674.02539
2025-07-11 05:00:00,116918.16,118404.22,116918.16,117860.37,2636.873797
2025-07-11 06:00:00,117860.38,118400.0,117602.22,117648.33,1499.83544
2025-07-11 07:00:00,117648.32,118108.79,117468.53,117526.88,3129.43875
2025-07-11 08:00:00,117526.88,118133.0,117526.88,117964.76,1000.8286
2025-07-11 09:00:00,117964.75,118869.98,117883.74,118470.34,1514.6018
2025-07-11 10:00:00,118470.35,118470.35,117946.72,117983.78,1340.00944
2025-07-11 11:00:00,117983.78,118110.6,117583.16,117821.91,808.62177
2025-07-11 12:00:00,117821.91,118259.24,117741.94,117878.11,861.42649
2025-07-11 13:00:00,117878.1,118189.18,117273.45,117989.18,1463.56142
2025-07-11 14:00:00,117989.17,118170.24,117388.0,117858.16,1074.59567
2025-07-11 15:00:00,117858.15,117960.0,116724.66,116902.59,1311.7905
2025-07-11 16:00:00,116902.58,117433.4,116604.87,117393.39,931.33103
2025-07-11 17:00:00,117393.38,117745.7,117250.0,117640.0,775.16024
2025-07-11 18:00:00,117640.01,117734.55,117300.0,117694.01,408.58924
2025-07-11 19:00:00,117694.02,118138.75,117426.58,118108.81,639.64596
2025-07-11 20:00:00,118108.81,118108.81,117659.19,117664.46,355.65991
2025-07-11 21:00:00,117664.46,117880.01,117471.09,117619.99,279.72136
2025-07-11 22:00:00,117619.99,117665.92,117146.8,117615.89,505.97498
2025-07-11 23:00:00,117615.88,117677.24,117436.59,117527.66,205.15806
2025-07-12 00:00:00,117527.66,117646.97,117141.13,117407.99,392.55028
2025-07-12 01:00:00,117407.99,117697.49,117407.99,117644.81,322.02488
2025-07-12 02:00:00,117644.8,117800.43,117556.0,117599.99,319.10692
2025-07-12 03:00:00,117599.98,117847.66,117599.97,117774.42,235.13774
2025-07-12 04:00:00,117774.42,117876.57,117587.0,117646.44,231.58516
2025-07-12 05:00:00,117646.43,117718.82,117506.37,117689.68,227.7315
2025-07-12 06:00:00,117689.68,117981.57,117660.0,117847.66,309.07591
2025-07-12 07:00:00,117847.66,118054.79,117625.63,117731.99,389.30318
2025-07-12 08:00:00,117731.99,118000.0,117724.47,117929.65,426.87947
2025-07-12 09:00:00,117929.66,118200.0,117881.15,118158.78,372.57837
2025-07-12 10:00:00,118158.79,118158.79,117870.31,118077.32,360.52166
2025-07-12 11:00:00,118077.32,118106.2,117625.0,117810.0,299.38516
2025-07-12 12:00:00,117810.0,117861.19,117309.61,117559.97,896.26553
2025-07-12 13:00:00,117559.98,117571.61,117238.88,117500.0,758.24496
2025-07-12 14:00:00,117500.0,117727.26,117315.68,117389.47,449.96682
2025-07-12 15:00:00,117389.47,117461.62,116900.05,117100.01,782.91296
2025-07-12 16:00:00,117100.0,117399.77,117045.86,117191.08,282.98905
2025-07-12 17:00:00,117191.08,117548.69,117186.81,117478.4,209.00655
2025-07-12 18:00:00,117478.4,117509.76,117378.91,117504.0,161.72998
2025-07-12 19:00:00,117504.01,117639.98,117439.72,117550.96,307.8177
2025-07-12 20:00:00,117550.96,117550.96,117023.35,117023.36,154.52026
2025-07-12 21:00:00,117023.36,117555.5,117000.01,117485.22,207.04733
2025-07-12 22:00:00,117485.21,117563.75,117312.04,117385.37,233.15011
2025-07-12 23:00:00,117385.38,117460.02,117219.53,117420.0,117.07289
2025-07-13 00:00:00,117420.0,117458.48,117248.21,117316.1,163.58729
2025-07-13 01:00:00,117316.1,117640.61,117224.79,117553.37,236.13001
2025-07-13 02:00:00,117553.37,117817.16,117407.94,117620.0,158.6613
2025-07-13 03:00:00,117620.0,117824.76,117600.81,117753.6,138.03288
2025-07-13 04:00:00,117753.59,117892.23,117684.22,117879.22,222.50112
2025-07-13 05:00:00,117879.22,117904.75,117700.65,117759.99,150.55904
2025-07-13 06:00:00,117759.99,117978.97,117742.31,117888.51,186.7356
2025-07-13 07:00:00,117888.51,118054.79,117852.0,117999.0,308.18406
2025-07-13 08:00:00,117998.99,118006.96,117756.39,117895.78,165.74382
2025-07-13 09:00:00,117895.78,117901.34,117689.63,117739.16,151.43307
2025-07-13 10:00:00,117739.16,117845.48,117739.16,117747.99,98.78511
2025-07-13 11:00:00,117748.0,118086.66,117747.99,118072.01,269.48693
2025-07-13 12:00:00,118072.01,118636.92,117989.53,118432.11,689.7104
2025-07-13 13:00:00,118432.11,118750.0,118154.81,118610.01,736.92273
2025-07-13 14:00:00,118610.0,119376.0,118353.2,118766.94,1897.939057
2025-07-13 15:00:00,118766.94,119124.0,118532.84,118672.24,566.53213
2025-07-13 16:00:00,118672.23,118982.89,118520.0,118528.01,483.67524
2025-07-13 17:00:00,118528.0,118844.83,118382.56,118699.6,348.79838
2025-07-13 18:00:00,118699.6,119070.24,118592.01,118992.73,315.39573
2025-07-13 19:00:00,118992.73,119488.0,118897.44,118961.08,601.53222
2025-07-13 20:00:00,118961.09,119367.37,118826.0,119083.6,290.26988
2025-07-13 21:00:00,119083.6,119083.6,118500.01,118648.87,421.07599
2025-07-13 22:00:00,118648.86,118774.64,118243.68,118520.01,584.71541
2025-07-13 23:00:00,118520.01,119198.0,118386.55,119086.64,364.38555
2025-07-14 00:00:00,119086.65,119470.54,118916.17,119061.4,538.61781
2025-07-14 01:00:00,119061.4,119238.1,118905.18,119100.58,349.35207
2025-07-14 02:00:00,119100.58,119999.0,118969.56,119647.88,1311.09415
2025-07-14 03:00:00,119647.88,121492.48,119592.7,120750.24,3219.468856
2025-07-14 04:00:00,120750.25,121438.27,120557.63,121400.0,1343.86331
2025-07-14 05:00:00,121400.0,122666.0,121129.0,122461.99,2704.498689
2025-07-14 06:00:00,122461.99,122465.3,122017.81,122130.99,1146.85917
2025-07-14 07:00:00,122130.99,123218.0,122100.0,122736.04,1786.579052
2025-07-14 08:00:00,122736.04,122769.19,122300.0,122578.0,851.02194
2025-07-14 09:00:00,122578.01,122582.97,121888.44,121973.74,929.42357
2025-07-14 10:00:00,121973.74,122130.65,121628.47,121905.48,742.89705
2025-07-14 11:00:00,121905.48,121905.48,121355.55,121467.24,755.99271
2025-07-14 12:00:00,121467.23,121945.63,121400.01,121918.0,930.72081
2025-07-14 13:00:00,121918.01,122120.0,121188.0,121710.64,1151.85025
2025-07-14 14:00:00,121710.64,121990.42,120600.0,121158.89,1855.94127
2025-07-14 15:00:00,121158.88,121176.26,119611.7,119878.23,2109.20019
2025-07-14 16:00:00,119878.22,120299.58,119202.0,120268.87,1443.04559
2025-07-14 17:00:00,120268.88,120526.03,119769.4,119896.42,1173.36404
2025-07-14 18:00:00,119896.42,120192.73,119632.0,119644.94,812.38191
2025-07-14 19:00:00,119644.93,120103.31,119610.92,119939.41,698.45342
2025-07-14 20:00:00,119939.42,120447.0,119522.72,120167.07,552.37318
2025-07-14 21:00:00,120167.06,120244.5,119827.34,120034.98,290.33134
2025-07-14 22:00:00,120034.97,120300.0,119924.0,120057.01,297.55117
2025-07-14 23:00:00,120057.01,120057.01,119766.05,119841.18,274.46733
2025-07-15 00:00:00,119841.17,119940.83,119110.0,119497.92,646.74195
2025-07-15 01:00:00,119497.93,119537.22,118352.09,118431.71,1780.21194
2025-07-15 02:00:00,118431.71,118855.56,117827.46,118251.05,1830.73981
2025-07-15 03:00:00,118251.04,118251.04,116840.01,117148.47,2365.70802
2025-07-15 04:00:00,117148.46,117511.33,116250.0,117480.48,1853.98992
2025-07-15 05:00:00,117480.48,117765.4,116962.97,117335.12,1161.25519
2025-07-15 06:00:00,117335.12,117335.12,116766.0,117070.54,1050.33694
2025-07-15 07:00:00,117070.54,117270.86,116400.0,116779.12,1413.2237
2025-07-15 08:00:00,116779.13,116862.02,116300.0,116777.47,1086.30795
2025-07-15 09:00:00,116777.47,117224.08,116711.67,116779.99,920.92254
2025-07-15 10:00:00,116780.0,117198.21,116744.48,117016.48,853.89059
2025-07-15 11:00:00,117016.49,117161.52,116338.3,117113.98,751.22184
2025-07-15 12:00:00,117113.98,117466.52,116417.0,117204.18,1464.86775
2025-07-15 13:00:00,117204.18,118490.71,117157.25,118088.13,2210.06348
2025-07-15 14:00:00,118088.13,118458.31,115736.92,116008.19,2687.57274
2025-07-15 15:00:00,116008.2,116750.0,115800.0,116391.43,2299.77308
2025-07-15 16:00:00,116391.43,117800.6,116362.97,117188.01,1624.68167
2025-07-15 17:00:00,117188.0,117538.46,117140.0,117372.99,995.72856
2025-07-15 18:00:00,117373.0,117380.0,116019.05,116719.55,1721.15939
2025-07-15 19:00:00,116719.55,117204.5,116282.38,116416.07,1053.82399
2025-07-15 20:00:00,116416.07,116725.02,116192.27,116419.02,604.23115
2025-07-15 21:00:00,116419.01,117600.0,116350.0,117553.92,613.20681
2025-07-15 22:00:00,117553.91,117868.52,117263.66,117827.74,634.19704
2025-07-15 23:00:00,117827.74,117972.86,117500.0,117758.09,394.60478
2025-07-16 00:00:00,117758.08,118178.0,117425.27,118112.89,622.87077
2025-07-16 01:00:00,118112.9,118195.0,117582.12,117724.29,470.76557
2025-07-16 02:00:00,117724.29,117752.87,117017.29,117317.27,578.37446
2025-07-16 03:00:00,117317.27,117519.49,117211.25,117482.67,388.69782
2025-07-16 04:00:00,117482.67,117700.7,117275.63,117525.78,293.02228
